series,adf_stat,adf_pvalue,kpss_stat,kpss_pvalue,nobs
spread_level,-2.4063952764576837,0.1399395191129238,1.059689091535583,0.01,4004
spread_diff1,-33.79274106979065,0.0,0.042826273562585615,0.1,4004
main_factor_level,-2.49775925287566,0.11602047510952002,0.30288425258737006,0.1,3977
main_factor_diff1,-10.498070218352874,1.1021926509795777e-18,0.04814167349082658,0.1,3977
alt_factor_level,-6.773918281049882,2.599707306740371e-09,0.11865612794439992,0.1,3980
alt_factor_diff1,-8.201500660664841,7.21015378846657e-13,0.012627430252480268,0.1,3980
